orcid_id;begin;end;role;institution;city;country;speciality
0000-0002-0237-2532;1996;1997;Year abroad (Erasmus);University of Leeds School of Politics and International Studies;Leeds;GB;Politics and International Studies
0000-0001-5542-3754;1992;;Writer, Data scientist, AI Specialist, On-Air Talent, Producer;Freelance;Montréal;CA;Video game, Interactive Media and television industries
0000-0001-9288-1754;2009;2015;Web services librarian;Université Bordeaux III;Pessac;FR;Library and Information Science
0000-0003-2827-1569;2014;2015;Web Developer;Modern Language Association;New York;US; None
0000-0002-2475-3184;2019;;Web & IT Administration;Justus Liebig Universitat Giessen;Giessen;DE;International Graduate Centre for the Study of Culture
0000-0002-1951-6942;2022;;Visiting lecturer;Columbia University;New York;US;INCITE
0000-0002-0287-7493;2017;2018;Visiting lecturer;University of Roehampton;London;GB;Humanities
0000-0002-0287-7493;2015;2016;Visiting lecturer;University of Roehampton;London;GB;Humanities
0000-0002-1951-6942;2014;;Visiting lecturer;École nationale des chartes;Paris;FR; None
0000-0002-9192-6233;2018;2019;Visiting Assistant Professor;University of Maryland;College Park;US;German
0000-0002-9126-2991;2016;2016;Visiting Assistant Professor;Brown University;Providence;US;Egyptology and Assyriology
0000-0002-5440-062X;2021;;Visiting Assistant Professor;Denison University;Granville;US;Data Analytics
0000-0001-8584-8323;2009;2015;Various roles (research fellow, webmaster, research assistant);Maryland Institute for Technology in the Humanities;College Park;US;Technology in the Humanities
0000-0002-2877-0539;2011;2011;Tutor in Logic;University of Oxford;Oxford;GB;Faculty of Philosophy
0000-0003-2740-7831;2014;2019;Título Superior en Arte Dramático;Escuela Superior de Arte Dramático de Asturias;Gijón;ES;Arte Dramático
0000-0003-2495-7213;2016;;TÉCNICO PRINCIPAL;Consejo Nacional de Investigaciones Científicas y Técnicas;Buenos Aires;AR;CAICYT (Centro Argentino de Información Científica y Tecnológica)
0000-0002-2094-8216;2011;2012;Técnico Júnior em Arqueologia;Arqueologia Brasil;Natal;BR;Archeology
0000-0003-2495-7213;2002;2011;Técnico auxiliar;Consejo Nacional de Investigaciones Cientificas y Tecnicas;Buenos Aires;AR;IDEHU 
0000-0003-2495-7213;2011;2016;TÉCNICO ADJUNTO;Consejo Nacional de Investigaciones Cientificas y Tecnicas;Buenos Aires;AR;IDEHESI- Instituto de Estudios Históricos, Económicos, Sociales e Internacionales 
0000-0001-5293-8322;2009;2014;Technical Coordinator Research;Koninklijke Bibliotheek;The Hague;NL;Innovation & IT
0000-0002-0237-2532;2005;2007;Teaching Fellow;" ""Université de Strasbourg Institut d'Etudes Politiques""";Strasbourg;FR; None
0000-0002-2128-0641;2018;2020;Teaching Fellow;Université de Lille;Lille;FR;History
0000-0002-2128-0641;2020;;Teaching Fellow;Université de Strasbourg;Strasbourg;FR;" ""Département d'Histoire des Sciences de la Vie et de la Santé (DHVS)"""
0000-0003-4981-1587;2005;2007;Teaching Assistant;University of New Hampshire;Durham;US;History
0000-0001-5759-4944;2012;2014;Teaching Assistant;Université Bordeaux Montaigne;Pessac;FR;Département d’Histoire de l’Art et d’Archéologie
0000-0002-6678-7606;2021;;Studentische Hilfskraft;Universität Potsdam;Potsdam;DE;Insitut für Romanistik
0000-0002-1470-7723;2012;2012;SSHRC Postdoctoral Fellow;Western University;London;CA;History
0000-0001-9532-3133;2003;2003;Software Engineer;INCA, Servicios y Proyectos de Ingeniería Civil, SA;Oviedo;ES; None
0000-0002-3752-9536;2012;2015;Sobresaliente cum Laude;Universidad de Zaragoza;Zaragoza;ES;Doctorado en Filología Española
0000-0003-4158-6186;2021;;Senior Web Developer;George Mason University;Fairfax;US;Roy Rosenzweig Center for History and New Media
0000-0001-9532-3133;2013;2015;Senior Software Engineer;Tyba;Madrid;ES; None
0000-0002-8160-0942;1998;;Senior Manager;Canada Mortgage and Housing Corp;Ottawa;CA;Information Technology
0000-0002-3440-6039;1993;2012;Senior Lecturer;Université de Franche-Comté;Besancon;FR;UFR SLHS, English department
0000-0003-4343-0265;2017;2020;Senior Lecturer;University of Hertfordshire;Hatfield;GB;History
0000-0001-9597-1026;;;Senior Lecturer;University of Edinburgh;Edinburgh;GB;English
0000-0002-4352-2154;2022;;Senior Lecturer;Institute of Historical Research, University of London;London;GB;Historical Research
0000-0001-9532-3133;2008;2014;Senior ITC Officer;Centro de Ciencias Humanas y Sociales;Madrid;ES;ITC
0000-0002-5750-5988;;;Senior Data Analyst;The Demographic Health Surveys Program, ICF;Rockville;US; None
0000-0002-1895-3905;2019;2021;Scientific Researcher;Österreichische Akademie der Wissenschaften;Vienna;AT;Austrian Center for Digital Humanities
0000-0001-9488-5986;2020;;Scientific member;Casa de Velázquez;Madrid;ES; None
0000-0003-1286-3893;2007;;Responsable informatique;" ""Ecole française d'Extrême-Orient""";Paris;FR;IT
0000-0001-9759-8464;2018;;Resident Media Librarian;Florida State University;Tallahassee;US;Office of Digital Reserach and Scholarship
0000-0002-5958-0551;2016;;Researcher;Royal Netherlands Academy of Arts & Sciences (KNAW);Amsterdam;NL;Nederlandse Etnologie (MI)
0000-0001-5293-8322;2003;2009;Researcher;Bayerische Staatsbibliothek;Munich;DE;Munich Digitization Center
0000-0002-8997-5415;2013;;Researcher;Consejo Nacional de Investigaciones Científicas y Técnicas;Buenos Aires;AR;IIBICRIT
0000-0002-8916-4997;2011;2015;Researcher;Universitat Pompeu Fabra;Barcelona;ES;Humanities
0000-0003-2646-6784;2021;;Researcher;Vrije Universiteit Amsterdam;Amsterdam;NL;Faculty of Science, Business Web and Media
0000-0002-0237-2532;2008;2011;Researcher;" ""Centre Virtuel de la Connaissance sur l'Europe""";Sanem;LU;European Integration Studies
0000-0002-1637-8505;2009;;Researcher;Fundação Getulio Vargas;Rio de Janeiro;BR;CPDOC
0000-0002-6255-3781;2001;;Researcher;Fundação Getulio Vargas;Rio de Janeiro;BR;CPDOC
0000-0001-6959-6605;2019;;Researcher;University of Bedfordshire Business School;Luton;GB;Business and Management Research Institute
0000-0001-7204-6428;2016;;Researcher;Centre Marc Bloch;Berlin;DE; None
0000-0003-2646-6784;2004;2005;Researcher;The National Museum of Modern Art, Tokyo;Tokyo;JP; None
0000-0002-1895-3905;2020;2021;Researcher;Donau-Universität Krems;Krems;AT; Bildwissenschaft
0000-0001-6778-4610;2018;;Research Fellow;University of Sussex;Brighton;GB;Media, Film and Music | Sussex Humanities Lab
0000-0002-5440-062X;2017;2017;Research Fellow;Carnegie Mellon University;Pittsburgh;US;English
0000-0002-9433-2799;2010;2011;Research Fellow;Instituto de História Contemporânea;Lisboa;PT;História Contemporânea
0000-0002-1456-7812;;;Research Fellow;Open University;Milton Keynes;GB; None
0000-0002-4387-3384;2018;;Research Engineer;Carnegie Mellon University;Pittsburgh;US;Unviersity Libraries
0000-0003-0850-8266;2021;;Research Engineer;Sorbonne Université;Paris;FR;Projet Antonomaz
0000-0001-8627-8991;2021;2022;Research Engineer;CNRS;Tours;FR;MSH Val-de-Loire
0000-0003-3094-139X;2013;;Research Engineer;University of Maryland;College Park;US;Maryland Institute for Technology in the Humanities
0000-0002-0237-2532;2013;2015;Research Engineer;Université Paris-Sorbonne;Paris;FR;LabEx EHNE
0000-0001-9532-3133;2003;2008;Research Engineer;IGME;Madrid;ES;Groundwater and Hidrogeology
0000-0001-6122-0777;2002;2005;Research Engineer;Universidad de Alicante;Alicante;ES;Escuela Politécnica Superior
0000-0003-4482-7897;2020;2021;Research Engineer;Inria;Paris;FR;ALMAnaCH
0000-0001-5452-3913;2016;2018;Research Engineer;Inria;Le Chesnay;FR; None
0000-0003-0275-5143;2013;2015;Research Engineer;Labex Les Passés dans le présent;Nanterre;FR; None
0000-0002-9189-258X;2020;;Research Engineer;Inria;Paris;FR; None
0000-0001-6959-6605;2016;2016;Research Consultant;The Open University;Milton Keynes;GB;Faculty of Mathematics, Computing and Technology
0000-0002-0734-3538;2013;;Research Assistant;University College London;London;GB;SELCS
0000-0003-2346-2876;2019;2019;Research Assistant;University of Illinois;Urbana;US;School of Information Sciences
0000-0001-6959-6605;2017;2018;Research Assistant;University of Manchester;Manchester;GB;School of Arts, Languages, and Cultures
0000-0001-6959-6605;2010;2010;Research Assistant;Universidade Católica Portuguesa Centro Regional do Porto;Porto;PT;School of Arts
0000-0001-6959-6605;2009;2009;Research Assistant;Universidade do Porto;Porto;PT;INESC
0000-0002-6051-6274;2019;2020;Research Assistant;Birkbeck University of London;London;GB;History
0000-0001-6959-6605;2016;2016;Research Assistant;The Open University;Milton Keynes;GB;Faculty of Mathematics, Computing and Technology
0000-0002-6051-6274;2020;2020;Research Assistant;Newcastle University;Newcastle upon Tyne;GB;English
0000-0002-6051-6274;2006;2017;Research Assistant;University of Sheffield;Sheffield;GB;Digital Humanities Institute
0000-0003-2852-065X;2020;2021;Research Assistant;University of Cologne;Cologne;DE;Department of Art History
0000-0003-2852-065X;2011;2015;Research Assistant;University of Cologne;Cologne;DE;Cologne Center for eHumanities
0000-0003-2852-065X;2015;2020;Research Assistant;University of Würzburg;Wurzburg;DE;Chair of Computational Philology
0000-0003-2852-065X;2011;2013;Research Assistant;Carl von Ossietzky University of Oldenburg;Oldenburg;DE;Chair for German Philology
0000-0003-2852-065X;2010;2010;Research Assistant;University of Bonn;Bonn;DE;Centre for the Classical Tradition (CCT)
0000-0001-5293-8322;2014;;Research Advisor;Staatsbibliothek zu Berlin - Preußischer Kulturbesitz;Berlin;DE;DG
0000-0003-2646-6784;2016;2016;Project monitor;European Commission;Brussels;BE; None
0000-0003-4343-0265;2014;2014;Project Manager;University of London;London;GB;Institute of Historical Research
0000-0001-8251-7131;2013;2022;Project Manager;University of Florida;Gainesville;US;George A. Smathers Libraries
0000-0002-3575-1512;2016;;Project Manager;Wake Forest University School of Medicine;Winston-Salem;US;Family and Community Medicine
0000-0002-6051-6274;2006;2017;Project Manager;University of Sheffield;Sheffield;GB;Digital Humanities Institute
0000-0002-1367-1618;2022;;Project Manager;University of Basel;Basel;CH;Department of History
0000-0003-4981-1587;2016;;Project assistant;University of New Hampshire;Durham;US;Library and Information Science
0000-0001-8577-8409;2016;;Programmer/Analyst;Indiana University;Bloomington;US;UITS/Research Technologies/Cyberinfrastructure for Digital Humanities and Creative Arts
0000-0003-2827-1569;2012;2013;Programmer;New York University;New York;US;History
0000-0002-0384-7704;2018;;Program Manager;Yale University;New Haven;US;Digital Humanities Lab
0000-0002-1709-2314;2020;;Professor;Penn State Behrend;Erie;US;Digital Media, Arts, and Technology
0000-0003-2504-9372;2011;;Professor;Uniwersytet Jagiello?ski w Krakowie;Krakow;PL;Wydzia? Filologiczny
0000-0002-3440-6039;1993;2012;Professor;Université de Franche-Comté;Besancon;FR;UFR SLHS, English department
0000-0002-3752-9536;2022;;Professor;Universitat Oberta de Catalunya;Barcelona;ES;Máster universitario en Enseñanza y Aprendizaje de Idiomas mediante la Tecnología (Área de Artes y Humanidades)
0000-0002-4211-1062;2014;;Professor;BPP Law School;London;GB;Law
0000-0003-4734-9894;2004;;Professor;University of Western Ontario;London;CA;History
0000-0002-2094-8216;2021;;Professor;Instituto Federal de Educação Ciência e Tecnologia do Rio Grande do Norte;Santa Cruz;BR;History
0000-0001-7750-7246;1993;;Professor;Universidade Estadual Paulista Júlio de Mesquita Filho - Câmpus de Marília;Marilia;BR;Filosofia
0000-0002-3440-6039;2012;;Professor;Université de Strasbourg;Strasbourg;FR;Faculté des Langues, English department
0000-0003-0591-5560;2017;;Professor;Universidad Autónoma de San Luis Potosí;San Luis Potosi;MX;Facultad del Hábitat 
0000-0001-6741-6746;2005;2012;Professor;Universidad de Buenos Aires;Buenos Aires;AR;Facultad de Filosofía y Letras 
0000-0002-2877-0539;2005;2007;Professor;Universidad Del Rosario;Bogota;CO;Escuela de Ciencias Humanas
0000-0002-1895-3905;2010;;Professor;Fundação Getulio Vargas;Rio de Janeiro;BR;Escola de Matemática Aplicada
0000-0002-1895-3905;;2004;Professor;Universidade Federal de Minas Gerais;Belo Horizonte;BR;Escola de Ciencia da Informacao
0000-0002-3752-9536;2012;;Professor;Università degli Studi di Milano;Milano;IT;Dipartimento di Lingue e letterature Straniere
0000-0003-3696-4189;2017;;Professor;University of Stavanger;Stavanger;NO;Department of Cultural Studies and Languages
0000-0001-5415-795X;2018;;Professor;Instituto Federal de Goiás;Goiânia;BR;Departamento de Áreas Acadêmicas I
0000-0002-2442-3193;2005;;Professor;El Colegio de Michoacán;Zamora;MX;Centro de Estudios históricos
0000-0002-1650-1091;2019;;Professor;Universidad Complutense de Madrid;Madrid;ES;Biblioteconomía y Documentación
0000-0002-2094-8216;2016;;Professor;Prefeitura de Parnamirim;Parnamirim;BR; None
0000-0001-5452-3913;2018;2021;Post-doc;CNRS;Lyon;FR;LARHRA
0000-0003-4558-3310;2019;;Post-doc;Cornell University;Ithaca;US;Information Science
0000-0001-5116-3828;2013;2016;Post-doc;National Research University Higher School of Economics;Moscow;RU;History
0000-0001-7750-7246;2002;2004;Post-doc;Ruhr-Universität Bochum;Bochum;DE;Hegel Archiv
0000-0001-5542-3754;2019;2020;Post-doc;University of Ottawa;Ottawa;CA;Faculty of Medicine
0000-0003-2158-866X;2019;;Post-doc;University of Texas at Austin;Austin;US;Classics
0000-0002-9126-2991;2016;;Post-doc;University of British Columbia;Vancouver;CA;Asian Studies
0000-0002-5440-062X;2019;2021;Post-doc;Northwestern University;Evanston;US;Alice Kaplan Institute for the Humanities
0000-0002-4903-1372;2015;2017;Post-doc;Université de Versailles-Saint-Quentin-en-Yvelines;Guyancourt;FR; None
0000-0001-5759-4944;2017;2018;Post-doc;CNRS;Paris;FR;" ""Laboratoire Archéomatériaux et Prévention de l'Altération"""
0000-0001-8627-8991;2016;2021;Phd;Université de Strasbourg;Strasbourg;FR;UMR-7044 Archimède
0000-0002-9723-4262;2016;;Phd;University of Texas at Austin;Austin;US;Spanish and Portuguese
0000-0002-1637-8505;2016;;Phd;Universidade do Estado do Rio de Janeiro Instituto de Estudos Sociais e Politicos;Rio de Janeiro;BR;Sociology
0000-0001-7492-7237;2019;;Phd;University of London School of Advanced Study;London;GB;School of Advanced Study
0000-0002-2094-8216;2015;2019;Phd;Universidade Federal Fluminense;Niteroi;BR;Programa de Pós-Graduação em História
0000-0002-6255-3781;2016;2021;Phd;Pontifícia Universidade Católica do Rio de Janeiro;Rio de Janeiro;BR;Programa de Pós-Graduação em Estudos da Linguagem
0000-0001-7629-1404;2017;2022;Phd;Instituto Brasileiro de Informação em Ciência e Tecnologia;Rio de Janeiro;BR;PPGCI/UFRJ
0000-0001-8385-3030;;2012;Phd;University College London;London;GB;Political Science
0000-0002-9029-5564;2015;2020;Phd;Université du Québec à Montréal;QC;CA;Political Science
0000-0002-8174-4524;2010;2014;Phd;Freie Universität Berlin;Berlin;DE;Political and Social Sciences
0000-0003-2670-6514;2017;;Phd;Georgia Institute of Technology;Atlanta;US;Ocean Sciences and Engineering
0000-0002-4295-895X;2013;2017;Phd;University of Nebraska-Lincoln;Lincoln;US;Modern Languages and Literatures
0000-0002-0734-3538;;;Phd;University of St Andrews;St Andrews;GB;Modern Languages
0000-0002-5406-8807;;2014;Phd;University of Connecticut;Storrs;US;Medieval Studies
0000-0002-9058-2280;2010;2015;Phd;University of Illinois at Urbana-Champaign;Champaign;US;Library and Information Science
0000-0002-6834-0250;2010;2015;Phd;Université Libre de Bruxelles;Brussels;BE;Information Science
0000-0002-8280-3338;2012;;Phd;UFRJ;Rio de Janeiro;BR;IE - Instituto de Economia
0000-0002-0688-3006;2011;2015;Phd;University of Southampton;Southampton;GB;Humanities / Web Science CDT
0000-0003-4734-9894;1999;2004;Phd;Massachusetts Institute of Technology;Cambridge;US;History, Anthropology, STS
0000-0002-3201-8462;;2018;Phd;Bryn Mawr College;Bryn Mawr;US;History of Art
0000-0002-6051-6274;1999;2003;Phd;Aberystwyth University;Aberystwyth;GB;History and Welsh History
0000-0002-7883-2996;;2010;Phd;George Mason University;Fairfax;US;History and Art History
0000-0002-9364-2808;2011;2019;Phd;George Mason University;Fairfax;US;History and Art History
0000-0002-5958-9038;2010;2019;Phd;George Mason University;Fairfax;US;History & Art History
0000-0003-2652-5799;2008;2016;Phd;University of Texas at Austin;Austin;US;History
0000-0002-0276-8078;2004;2012;Phd;Harvard University;Cambridge;US;History
0000-0001-5519-8331;2007;2013;Phd;University of Virginia;Charlottesville;US;History
0000-0003-4981-1587;;2012;Phd;University of New Hampshire;Durham;US;History
0000-0002-4352-2154;2008;2011;Phd;Royal Holloway University of London;Egham;GB;History
0000-0002-1568-8843;;2010;Phd;University of Guelph;Guelph;CA;History
0000-0002-3311-1060;;;Phd;University of Kentucky;Lexington;US;History
0000-0003-4158-6186;2009;2016;Phd;University of Nebraska-Lincoln;Lincoln;US;History
0000-0003-4343-0265;2010;2015;Phd;" ""King's College London""";London;GB;History
0000-0001-5452-3913;2010;2016;Phd;École nationale des chartes;Paris;FR;History
0000-0003-1275-4101;2014;2019;Phd;Carnegie Mellon University;Pittsburgh;US;History
0000-0002-5240-060X;;2018;Phd;Universidade de São Paulo;Sao Paulo;BR;History
0000-0001-5116-3828;2008;2013;Phd;University of Toronto;Toronto;CA;History
0000-0001-5415-795X;2012;2016;Phd;Universidade Federal Fluminense;Niterói;BR;History
0000-0001-5542-3754;2014;2019;Phd;Université de Montréal;Montreal;CA;Histoire / History
0000-0002-0136-4434;2020;;Phd;Université de Montréal;Montréal;CA;GREN
0000-0003-2852-065X;2016;;Phd;University of Würzburg;Wurzburg;DE;Graduate School for the Humanities (GSH)
0000-0001-7503-8685;2014;;Phd;Université Bordeaux Montaigne;Pessac;FR;None
0000-0002-9192-6233;2012;2018;Phd;Vanderbilt University;Nashville;US;German
0000-0001-7750-7246;1998;;Phd;Universidade Estadual de Campinas;Campinas;BR;Filosofia e História da Educação
0000-0001-7204-6428;2005;2009;Phd;Universidade de Coimbra;Coimbra;PT;Faculty of Science and Technology
0000-0002-2877-0539;2009;2014;Phd;University of Oxford;Oxford;GB;Faculty of Philosophy
0000-0003-4776-0261;2010;2015;Phd;University of Cambridge;Cambridge;GB;Faculty of History
0000-0002-9433-2799;2013;;Phd;Universidade NOVA de Lisboa;Lisboa;PT;Faculdade de Ciências Sociais e Humanas
0000-0002-1895-3905;2002;2005;Phd;Universidade Federal de Minas Gerais;Belo Horizonte;BR;Escola de Ciencia da Informacao
0000-0001-9984-725X;2012;2017;Phd;University of Strathclyde;Glasgow;GB;English
0000-0002-9881-682X;2004;2008;Phd;University of Oxford;Oxford;GB;English
0000-0002-4345-0533;;2010;Phd;University of Virginia;Charlottesville;US;English
0000-0003-2827-1569;2015;;Phd;Columbia University;New York;US;English and Comparative Literature
0000-0003-4125-2813;2008;2014;Phd;University of Virginia;Charlottesville;US;English
0000-0003-2897-2090;2016;;Phd;University of Florida;Gainesville;US;English
0000-0003-3867-9138;2006;2012;Phd;University of Iowa;Iowa City;US;English
0000-0003-2696-1419;2013;2018;Phd;University of Nebraska-Lincoln;Lincoln;US;English
0000-0002-6086-0649;2011;;Phd;Yale University;New Haven;US;English
0000-0002-5440-062X;2012;2019;Phd;Washington University in St. Louis;Saint Louis;US;English
0000-0001-8693-3677;;;Phd;University of California;Santa Barbara;US;English
0000-0003-4558-3310;2013;2019;Phd;Washington University in St. Louis;St. Louis;US;English
0000-0002-1709-2314;1995;2003;Phd;Pennsylvania State University;University Park;US;English
0000-0002-2480-4746;2015;;Phd;University of Victoria;Victoria;CA;English
0000-0002-9126-2991;2010;2016;Phd;Brown University;Providence;US;Egyptology and Assyriology
0000-0002-0237-2532;1999;2006;Phd;Université de Strasbourg;Strasbourg;FR;Ecole doctorale
0000-0002-9723-4262;2016;;Phd;University of Texas at Austin;Austin;US;Department of Spanish and Portuguese
0000-0003-3696-4189;;2007;Phd;Norwegian University of Science and Technology;Trondheim;NO;Department of Interdisciplinary Studies of Culture
0000-0002-2128-0641;2014;2019;Phd;European University Institute;Florence;IT;Department of History and Civilization
0000-0002-7406-6286;2009;2015;Phd;" ""King's College London""";London;GB;Department of Digital Humanities
0000-0003-3094-139X;;2016;Phd;" ""King's College London""";London;GB;Department of Digital Humanities
0000-0002-3575-1512;2020;;Phd;University of Pittsburgh at Greensburg;Greensboro;US;Community Health Education
0000-0003-2158-866X;2012;2016;Phd;Fordham University;Bronx;US;Classics
0000-0003-3781-5812;;2016;Phd;Florida State University;Tallahassee;US;Classics
0000-0002-4387-3384;2012;2016;Phd;University of Maryland;College Park;US;Art History & Archaeology
0000-0001-5759-4944;2011;2014;Phd;Université Bordeaux Montaigne;Pessac;FR;Art & Archeology
0000-0001-5759-4944;2011;2015;Phd;Université Bordeaux Montaigne;Pessac;FR;Art & Archeology
0000-0002-2887-3554;1999;2002;Phd;University of Reading;Reading;GB;Archaeology
0000-0003-4629-8888;;;Phd;Yale University;New Haven;US;American Studies
0000-0003-4482-7897;2021;;Phd;Inria;Paris;FR;ALMAnaCH
0000-0002-0136-4434;2021;;Phd;Inria;Paris;FR;ALMAnaCH
0000-0003-4482-7897;2021;;Phd;Le Mans Université;Le Mans;FR;3.LAM
0000-0002-8102-9416;2014;;Phd;Advanced Research Center for Nanolithography;Amsterdam;NL; None
0000-0001-9149-9377;2007;2014;Phd;Ruhr-Universitat Bochum;Bochum;DE; None
0000-0001-6741-6746;2015;;Phd;Consejo Nacional de Investigaciones Científicas y Técnicas;Buenos Aires;AR; None
0000-0002-2475-3184;2017;;Phd;Justus Liebig Universitat Giessen;Giessen;DE; None
0000-0002-4903-1372;2005;2011;Phd;Université de Versailles-Saint-Quentin-en-Yvelines;Guyancourt;FR; None
0000-0003-3184-3943;2012;2018;Phd;Université de Lausanne;Lausanne;CH; None
0000-0001-9488-5986;;;Phd;École Normale Supérieure de Lyon;Lyon;FR; None
0000-0002-1367-1618;2018;;Phd;ETH-Bereich Hochschulen;Zurich;CH; None
0000-0002-1367-1618;2018;;Phd;ETH-Bereich Hochschulen;Zurich;CH; None
0000-0002-4130-6669;2017;;Phd;Université Bordeaux Montaigne;Pessac;FR;" ""Sciences de l'information et de la communication"""
0000-0002-8280-3338;2006;;Pesquisador;Fundação Getulio Vargas;Rio de Janeiro;BR;CPDOC
0000-0001-7629-1404;2001;;Partner;INSTITUTO RDX DE ENSINO ;Rio de Janeiro;BR; None
0000-0002-0384-7704;2015;2018;Outreach and Engagement Manager;Yale University;New Haven;US;Digital Humanities Lab
0000-0002-3575-1512;2007;2009;None;Ozarks Technical Community College;Springfield;US; None
0000-0003-2771-5367;2014;2015;National Digital Stewardship Resident;Museum of Modern Art;New York;US;Conservation
0000-0002-7474-7196;2006;2007;MSc;University of Edinburgh;Edinburgh;GB;Scottish Studies
0000-0003-2346-2876;2017;2019;MSc;University of Illinois;Urbana;US;School of Information Sciences
0000-0003-4981-1587;;2005;MSc;Simmons College;Boston;US;Library and Information Science
0000-0002-4429-136X;;;MSc;Drexel University;Philadelphia;US;iSchool@UBC: School of Library, Archival and Information Studies
0000-0002-5240-060X;;2014;MSc;Universidade de São Paulo;Sao Paulo;BR;History
0000-0002-6086-0649;2016;;MSc;Yale University;New Haven;US;Computer Science
0000-0001-7629-1404;2005;2006;MSc;Instituto Brasileiro de Mercado de Capitais;Rio de Janeiro;BR;Business Administration
0000-0003-2646-6784;2001;2002;MSc;University of York;York;GB;Archaeology
0000-0002-8102-9416;;2014;MSc;Universidade Nova de Lisboa Faculdade de Ciências e Tecnologia;Caparica;PT; None
0000-0001-8251-7131;;;MSc;University of Florida;Gainesville;US; None
0000-0002-8102-9416;;2012;MSc;Universidade de Lisboa Instituto Superior Técnico;Lisboa;PT; None
0000-0002-8102-9416;2007;2008;MSc;Universidade Técnica de Lisboa Centro de Química-Física Molecular;Lisboa;PT;Química-Física Molecular
0000-0002-5750-5988;;;MSc;London School of Hygiene & Tropical Medicine;London;GB;Medical
0000-0002-1951-6942;;;MSc;École nationale des chartes;Paris;FR; None
0000-0003-0850-8266;2018;2020;MSc;École nationale des chartes;Paris;FR; None
0000-0002-8102-9416;2011;2011;MSc;Institut Parisien de Chimie Moléculaire;Paris;FR; None
0000-0003-1286-3893;2001;2006;MSc;Sorbonne Université;Paris;FR; None
0000-0001-8251-7131;;;MSc;Florida State University;Tallahassee;US; None
0000-0003-4776-0261;2009;2010;MPhil;University of Cambridge;Cambridge;GB;Faculty of History
0000-0002-0287-7493;2013;2017;MPhil;University of Kent;Canterbury;GB;Classical and Archaeological Studies
0000-0002-9115-4739;2006;2010;Molecular Biology;University of Toronto;Toronto;CA; None
0000-0002-7998-940X;;2004;MLS;Indiana University;Bloomington;US; None
0000-0002-7990-9924;;2015;MLS;University of British Columbia;Vancouver;CA;iSchool@UBC: School of Library, Archival and Information Studies
0000-0003-0774-4777;2011;2012;MLIS;Western University;London;CA;Faculty of Information and Media Studies
0000-0002-0276-8078;2000;2002;MIA;Columbia University;New York;US;School of International and Public Affairs
0000-0003-2771-5367;2015;2018;Metadata & Cataloging Librarian;George Mason University;Fairfax;US;University Libraries
0000-0001-7750-7246;1991;;Mestre;Universidade Metodista de Piracicaba;Piracicaba;BR;Filosofia e História da Educação
0000-0001-9461-7834;2020;;Mestrando em Sociologia;Universidade do Estado do Rio de Janeiro Instituto de Estudos Sociais e Politicos;Rio de Janeiro;BR; Sociais e Politicos
0000-0002-2094-8216;2013;2015;Mestrado;Universidade Federal do Rio Grande do Norte;Natal;BR;Programa de Pós-Graduação em História
0000-0002-8280-3338;2009;2011;Meste em População, Território e Estatísticas Públicas;ENCE / IBGE;Rio de Janeiro;BR;ENCE
0000-0002-2785-3519;2015;2017;Mellon Digital Humanities Fellow and Visiting Assistant Professor of English;Washington and Lee University;Lexington;US;University of Virginia
0000-0002-8263-5485;;;MBA;" ""Queen's University""";Kingston;CA; None
0000-0002-0276-8078;2012;2013;Max Weber Postdoctoral Fellow;European University Institute;Fiesole;IT; None
0000-0001-6122-0777;2008;2009;Master;University of Valencia;Valencia;ES;Valencia
0000-0003-2771-5367;2012;2014;Master;Indiana University;Bloomington;US;School of Library and Information Science
0000-0003-0900-6823;2008;2009;Master;Wayne State University;Detroit;US;School of Library and Information Science
0000-0001-5301-5626;2002;2005;Master;San Jose State University;San Jose;US;School of Library and Information Science
0000-0001-9759-8464;2016;2018;Master;Florida State University;Tallahassee;US;School of Information Sciences
0000-0001-8577-8409;2014;2016;Master;Indiana University;Bloomington;US;School of Informatics, Computing, and Engineering
0000-0002-3057-932X;2019;2021;Master;Hertie School;Berlin;DE;Public Policy
0000-0002-1895-3905;1999;2000;Master;Universidade Federal de Santa Catarina;Florianopolis;BR;Production Engineer
0000-0003-2740-7831;2020;2020;Master;Universidad Nacional de Educación a Distancia;Madrid;ES;Laboratorio de Investigación en Humanidades Digitales, Facultad de Filología, E.T.S.I. Informática
0000-0002-7990-9924;;2015;Master;University of British Columbia;Vancouver;CA;iSchool@UBC: School of Library, Archival and Information Studies
0000-0001-5542-3754;1998;2002;Master;Concordia University;Montreal;CA;Informatique / Computer Science
0000-0002-5958-9038;2001;2005;Master;George Mason University;Fairfax;US;History & Art History
0000-0001-7526-1166;2013;2015;Master;Binghamton University;Binghamton;US;History
0000-0001-5452-3913;2008;2010;Master;" ""Institut d'études politiques de Paris""";Paris;FR;History
0000-0002-1470-7723;2006;2007;Master;York University;Toronto;CA;History
0000-0001-7503-8685;2012;2014;Master;Université Bordeaux Montaigne;Pessac;FR;None
0000-0002-2128-0641;2004;2006;Master;Université de Strasbourg;Strasbourg;FR;Faculté des Sciences Historiques
0000-0003-2740-7831;2020;;Master;Universidad Nacional de Educación a Distancia;Madrid;ES;Facultad de Filosofía y Letras
0000-0002-9433-2799;2010;2013;Master;Universidade NOVA de Lisboa;Lisboa;PT;Faculdade de Ciências Sociais e Humanas
0000-0001-9759-8464;2009;2011;Master;University of Florida;Gainesville;US;English
0000-0001-5452-3913;2006;2008;Master;École nationale des chartes;Paris;FR;Digital Humanities
0000-0002-1367-1618;2011;2014;Master;ETH Zurich;Zurich;CH;Department of Humanities, Social and Political Sciences
0000-0002-7406-6286;2005;2008;Master;" ""Università Ca' Foscari""";Venezia;IT;Department of Classics
0000-0002-9364-2808;2009;2011;Master;Yale University Yale Divinity School;New Haven;US; None
0000-0003-0275-5143;2008;2010;Master;École nationale des chartes;Paris;FR; None
0000-0002-9115-4739;2012;2014;Master;University of Toronto;Toronto;CA; None
0000-0002-4130-6669;2016;2017;Master;" ""Ecole Nationale Superieur des Sciences de l'Information et des Bibliotheques""";Villeurbanne;FR;" ""Sciences de l'information et des bibliothèques"
0000-0002-4130-6669;2014;2016;Master;" ""Ecole Nationale Superieur des Sciences de l'Information et des Bibliotheques""";Villeurbanne;FR;" ""Sciences de l'information et des bibliothèques"
0000-0001-8693-3677;2014;;Manager;Indiana University;Bloomington;US;Research Technologies
0000-0001-9759-8464;2014;2015;Manager;Bard College;Annandale-on-Hudson;US;Center for Moving Image Arts
0000-0001-8584-8323;;;Manager;University of Virginia;Charlottesville;US;" ""Library / Scholars' Lab"""
0000-0001-6741-6746;2015;2017;Magister;Universidad Nacional de San Martín;Buenos Aires;AR;Instituto de Altos Estudios Sociales 
0000-0001-5822-5112;;2020;Magister;Pontificia Universidad Católica de Chile;Santiago;CL;Facultad de Filosofía y Letras
0000-0001-9581-5007;2018;2019;Magister;Universidad de los Andes;Bogotá;CO;Facultad de Artes y Humanidades
0000-0001-5293-8322;2001;2007;Magister;Ludwig-Maximilians-Universität München;Munich;DE;Institute for Philosophy
0000-0003-2504-9372;1982;1987;Magister;Uniwersytet Jagiello?ski w Krakowie;Krakow;PL;Instytut Filologii Angielskiej
0000-0003-0591-5560;2010;2012;Maestría en historia ;Universidad Autónoma de San Luis Potosí;San Luis Potosi;MX; None
0000-0003-2897-2090;2014;2016;MA;Clemson University;Clemson;US;English
0000-0001-8076-7356;2004;2014;MA/PhD in English and Textual Studies;University of Washington;Seattle;US;English
0000-0002-4429-136X;;;MA;University of Massachusetts Boston;Boston;US;History
0000-0002-8174-4524;2003;2005;MA;Universidad Nacional de Colombia;Bogota;CO;IEPRI - Institute of Political Studies and International Relations
0000-0001-8577-8409;2009;2012;MA;California State University Fullerton;Fullerton;US;Medieval Studies
0000-0002-9058-2280;2008;2010;MA;University of Alberta;Edmonton;CA;Library and Information Studies
0000-0003-2646-6784;2000;2001;MA;University of Birmingham;Birmingham;GB;Ironbridge Institute
0000-0002-8916-4997;;;MA;Universitat Pompeu Fabra;Barcelona;ES;Comparative Literature
0000-0003-3184-3943;2005;2011;MA;Université de Lausanne;Lausanne;CH;History and Philosophy
0000-0002-9126-2991;2007;2008;MA;School of Oriental and African Studies, University of London;London;GB;Oriental and African Studies
0000-0002-2128-0641;2004;2005;MA;Università degli Studi di Firenze;Firenze;IT;Dipartimento di Storia
0000-0002-5406-8807;;2009;MA;University of Connecticut;Storrs;US;Medieval Studies
0000-0003-4981-1587;;2005;MA;Simmons College;Boston;US;History
0000-0001-5519-8331;2005;2007;MA;University of Virginia;Charlottesville;US;History
0000-0003-4981-1587;;2012;MA;University of New Hampshire;Durham;US;History
0000-0003-4158-6186;2007;2009;MA;University of Nebraska-Lincoln;Lincoln;US;History
0000-0003-1275-4101;2013;2014;MA;Carnegie Mellon University;Pittsburgh;US;History
0000-0001-5542-3754;2011;2013;MA;Université de Montréal;Montreal;CA;Histoire / History
0000-0002-9192-6233;2008;2009;MA;University of California Berkeley;Berkeley;US;German
0000-0002-9723-4262;2011;2012;MA;Universidad Autónoma de Madrid;Madrid;ES;Filosofía y Letras
0000-0003-2827-1569;2008;2010;MA;Brooklyn College;Brooklyn;US;English
0000-0003-2696-1419;2012;2013;MA;University of Rochester;Rochester;US;English
0000-0002-5440-062X;2010;2012;MA;Georgetown University;Washington;US;English
0000-0002-9881-682X;2001;2003;MA;Georgetown University;Washington;US;English
0000-0003-2827-1569;2011;2014;MA;New York University;New York;US;Draper Program
0000-0002-9723-4262;2013;2016;MA;University of Puerto Rico at Río Piedras;San Juan;US;Comparative Literature
0000-0002-7990-9924;;2009;MA;University of St Andrews;St Andrews;GB;Classics
0000-0002-4387-3384;2010;2012;MA;University of Maryland;College Park;US;Art History & Archaeology
0000-0002-3575-1512;2014;2015;MA;University of Memphis;Memphis;US;Anthropology
0000-0001-9149-9377;2001;2007;MA;Universität Bremen;Bremen;DE; None
0000-0002-0824-3328;2014;2016;MA;The University of Oklahoma;Norman;US; None
0000-0001-9532-3133;;2003;M.Sc. Software Engineering;Universidad de Oviedo;Gijón;ES;Software Systems and Computation
0000-0001-5519-8331;2003;2005;M.S.;University of Virginia;Charlottesville;US;Mathematics
0000-0002-4295-895X;2011;2013;MA;University of Nebraska-Lincoln;Lincoln;US;Modern Languages and Literatures
0000-0002-1637-8505;;;MA;Universidade Federal do Rio de Janeiro Editora UFRJ;Rio de Janeiro;BR;IFCS
0000-0002-0287-7493;2012;2013;MA;" ""King's College London""";London;GB;Classics
0000-0002-0287-7493;2010;2012;MA;Graduate Theological Union;Berkeley;US;Theology
0000-0002-2475-3184;2011;2015;MA;Université de Montréal;Montreal;CA;German
0000-0001-9984-725X;2017;;Literary Informatics Librarian;Pennsylvania State University;University Park;US;University Libraries
0000-0001-9581-5007;2004;2009;Lingüista;Universidad Nacional de Colombia;Bogota;CO;Lingüista
0000-0001-7750-7246;1981;;Licenciado;Faculdade Nossa Senhora Medianeira - Colégio São Luiz - SP;São Paulo;BR;Filosofia
0000-0002-2128-0641;;2004;Licenciado;Université de Strasbourg;Strasbourg;FR;Faculté des Sciences Historiques
0000-0001-5822-5112;;2016;Licenciado;Pontificia Universidad Católica de Chile;Santiago;CL;Facultad de Filosofía y Letras
0000-0003-2495-7213;2014;;Licenciado;Universidad de Buenos Aires;Buenos Aires;AR;Facultad de Filosofía y Letras
0000-0002-2094-8216;2008;2012;Licenciado;Universidade Federal do Rio Grande do Norte;Natal;BR;Departamento de História
0000-0003-0591-5560;2005;2010;Licenciado;Universidad Autónoma de San Luis Potosí;San Luis Potosi;MX;Coordinación de Ciencias Sociales y Humanidades 
0000-0002-1650-1091;;1987;Licenciado;Universidad de Alcala de Henares Facultad de Biologia;Alcala de Henares;ES;Facultad de Biologia
0000-0002-8801-636X;2016;;Licenciado;Universidad de Buenos Aires;Buenos Aires;AR; None
0000-0002-1650-1091;;2005;Licenciado;Universidad Carlos III de Madrid;Madrid;ES; None
0000-0001-9288-1754;2015;2016;Library systems manager;York St John University;York;GB;Information Learning Services
0000-0001-9288-1754;2016;;Library systems manager;Université Bordeaux Montaigne;Pessac;FR; None
0000-0001-9759-8464;2016;2016;Library Assistant;University of Miami;Coral Gables;US;Special Collections
0000-0003-4981-1587;2000;2001;Library and Archives Assistant;Historic New England;Boston;US;Library and Information Science
0000-0001-8076-7356;2019;;Librarian;University of Delaware;Newark;US;UD Library, Museums & Press
0000-0001-8251-7131;2022;;Librarian;University of Florida;Gainesville;US;Special and Area Studies Collection, George A. Smathers Libraries
0000-0002-4429-136X;2007;2015;Librarian;Drexel University;Philadelphia;US;Library and Information Science
0000-0002-8977-7873;2007;;Librarian;Pontificia Universidad Javeriana;Bogota;CO;Cundinamarca
0000-0002-3057-932X;2012;;Legislative Advisor;Senado Federal;Brasilia;BR; None
0000-0003-0275-5143;2018;;Lecturer;Université Paris-Nanterre;Nanterre;FR;UFR Philia
0000-0001-9532-3133;2017;;Lecturer;Universidad Complutense de Madrid;Madrid;ES;Software Systems and Computation
0000-0002-0276-8078;2013;;Lecturer;University of St Andrews;St Andrews;GB;School of History
0000-0002-4211-1062;1970;1985;Lecturer;University of Exeter;Exeter;GB;Political Science
0000-0002-6834-0250;2017;;Lecturer;University of Geneva;Geneva;CH;Multilingual Communication Technology
0000-0002-4295-895X;2018;2018;Lecturer;University of Nebraska at Kearney;Kearney;US;Modern Languages
0000-0002-4903-1372;2020;;Lecturer;Université Paris-Est Créteil Val de Marne;Creteil;FR;LLSH
0000-0002-1695-8497;2010;;Lecturer;Université Paris-Nanterre;Nanterre;FR;Langues et littératures grecques et latines
0000-0002-1895-3905;2021;;Lecturer;Universität Wien;Wien;AT;Institut für Europäische und Vergleichende Sprach- und Literaturwissenschaft
0000-0003-4343-0265;2020;;Lecturer;University College London;London;GB;Information Studies
0000-0002-6834-0250;2009;;Lecturer;Université Libre de Bruxelles;Brussels;BE;Information Science
0000-0002-4352-2154;2015;2021;Lecturer;University of Essex;Colchester;GB;History
0000-0003-4981-1587;2011;2013;Lecturer;Granite State College;Concord;US;History
0000-0003-4343-0265;2014;2017;Lecturer;University of Hertfordshire;Hatfield;GB;History
0000-0002-2877-0539;2006;2009;Lecturer;Universidad Nacional de Colombia;Bogota;CO;Department of Philosophy
0000-0001-9532-3133;2017;2017;Lecturer;Universidad Carlos III de Madrid;Leganés;ES;Computer Science and Engineering
0000-0003-3184-3943;2018;;Lecturer;École Polytechnique Fédérale de Lausanne;Lausanne;CH;Collège des Humanités
0000-0002-0688-3006;2016;;Lecturer;Australian National University;Canberra;AU;Centre for Digital Humanities Research
0000-0002-8453-7221;2019;;Lecturer;University of Geneva;Geneva;CH; None
0000-0003-3184-3943;2018;;Lecturer;Universite de Lausanne;Lausanne;CH;" ""Section d'histoire"""
0000-0002-0237-2532;2015;2017;Lecturer;Université de Lausanne;Lausanne;CH;" ""Section d'histoire"""
0000-0002-8102-9416;2011;2014;Laboratory Technician;Universidade de Lisboa Instituto Superior Técnico;Lisboa;PT; None
0000-0002-8102-9416;2009;2010;Laboratory Technician;Universidade de Lisboa Instituto Superior Técnico;Lisboa;PT; None
0000-0001-9759-8464;2015;2016;Laboratory Techician;Continental Film & Digital Laboratory;Miami;US; None
0000-0003-2852-065X;2009;2011;Junior Web Development Assistant;United Nations University;Bonn;DE;UNU-ViE (Vice Rectorate in Europe)
0000-0003-2852-065X;2021;;"Junior Academy Professor for ""Digital Humanities""";University of Rostock;Rostock;DE;Digital humanities
0000-0001-9532-3133;2014;2018;Jefe de Servicio de Biometría;INIA;Madrid;ES;Subdirección General de Investigación y Tecnología
0000-0001-9532-3133;2018;;Jefe de Área;Ministerio de Ciencia e Innovación;Madrid;ES;SG de Grandes Infraestructuras Científico-Técnicas
0000-0003-2646-6784;2003;2003;IT project assistant;Wessex Archaeology;Salisbury;GB; None
0000-0002-8263-5485;;;IT Manager;Carleton University;Ottawa;CA; None
0000-0002-4295-895X;2021;2022;Irakaslea / Lecturer;Euskal Herriko Unibertsitatea;Eibar;ES;Humanitate Digitalak: Aukera berriak ikertzen
0000-0003-2646-6784;2010;2015;Interoperability Manager (APEnet and APEx project);The National Archives of the Netherlands;The Hague;NL; None
0000-0003-2646-6784;2008;2009;Interoperability Manager;Europeana.eu;The Hague;NL; None
0000-0001-6959-6605;2015;2016;Intern;The Open University;Milton Keynes;GB;Faculty of Mathematics, Computing and Technology
0000-0002-1470-7723;2016;2017;Intern;University of Toronto;Toronto;CA;Faculty of Information Studies
0000-0002-8102-9416;2009;2009;Intern;Universidade Técnica de Lisboa Centro de Química-Física Molecular;Lisboa;PT;Química-Física Molecular
0000-0003-0850-8266;2020;2021;Intern;Université de Neuchâtel;Neuchatel;CH; None
0000-0002-9433-2799;2009;2010;Integration research fellowship;Centro de História de Além-Mar;Lisboa;PT; None
0000-0002-9433-2799;2008;2009;Integration research fellowship;Instituto de História Contemporânea;Lisboa;PT;História Contemporânea
0000-0002-4295-895X;2011;2016;Instructor;University of Nebraska-Lincoln;Lincoln;US;Modern Languages and Literatures
0000-0001-5519-8331;2003;2005;Instructor;University of Virginia;Charlottesville;US;Mathematics
0000-0001-5519-8331;2006;2010;Instructor;University of Virginia;Charlottesville;US;History
0000-0003-4981-1587;2007;2009;Instructor;University of New Hampshire;Durham;US;History
0000-0001-5822-5112;;;Instructor;Pontificia Universidad Católica de Chile;Santiago;CL;Departamento de Ciencias del Lenguaje
0000-0002-4429-136X;2015;2017;Instruction and Digital Scholarship Librarian;Susquehanna University;Selinsgrove;US;Library and Information Science
0000-0003-2495-7213;2001;;Ingeniería Química;Universidad de Buenos Aires;Buenos Aires;AR;Facultad de Ingeneria
0000-0002-0237-2532;1994;1998;IEP;" ""Université de Strasbourg Institut d'Etudes Politiques""";Strasbourg;FR; None
0000-0003-0774-4777;2006;2010;Hon. B.Sc.;University of Toronto;Toronto;CA;Geography
0000-0002-2128-0641;2009;2014;History & Geography teacher;Lycée International des Pontonniers;Strasbourg;FR;English
0000-0001-7526-1166;2005;2011;Historian;Universidad Industrial de Santander;Bucaramanga;CO;History
0000-0003-0774-4777;2018;;Head, Research Support (Arts and Special Collections);University of Ottawa;Ottawa;CA;Library and Information Science
0000-0002-2785-3519;2017;;Head of Student Programs;University of Virginia;Charlottesville;US;" ""Scholars' Lab"
0000-0003-2771-5367;2019;;Head of Metadata Initiatives;University of Notre Dame;Notre Dame;US;Hesburgh Libraries
0000-0002-5240-060X;;2009;Graduation;Universidade Federal do Piauí;Teresina;BR;History
0000-0001-8076-7356;2004;2014;Graduate Teaching Assistant/Instructor;University of Washington;Seattle;US;English
0000-0003-2346-2876;2018;2019;Graduate Teaching Assistant;University of Illinois;Urbana;US;School of Information Sciences
0000-0003-2897-2090;2015;2016;Graduate Teacher of Record;Clemson University;Clemson;US;English
0000-0003-2897-2090;2016;2021;Graduate Research Fellow;University of Florida;Gainesville;US;English
0000-0002-9723-4262;2018;2020;Graduate Research Assistant, Digital Scholarship Lab Manager;University of Texas at Austin;Austin;US;LLILAS Benson Latin American Digital Initiatives
0000-0003-2670-6514;2017;;Graduate Research Assistant;Georgia Institute of Technology;Atlanta;US;School of Earth and Atmospheric Sciences
0000-0002-9364-2808;2011;2015;Graduate Research Assistant;George Mason University;Fairfax;US;Roy Rosenzweig Center for History and New Media
0000-0002-4295-895X;2016;2017;Graduate Research Assistant;University of Nebraska-Lincoln;Lincoln;US;Center for the Digital Research in the Humanities
0000-0002-1895-3905;1988;1993;Graduate in Systems Engineering;Pontifícia Universidade Católica do Rio de Janeiro;Rio de Janeiro;BR;Electrical Engineering
0000-0002-4295-895X;2013;2015;Graduate Certificate, Digital Humanities;University of Nebraska-Lincoln;Lincoln;US;Center for the Digital Research in the Humanities
0000-0003-2897-2090;2014;2015;Graduate Assistant, Adobe Creative Studio;Clemson University;Clemson;US;English
0000-0003-2346-2876;2017;2019;Graduate Assistant;University of Illinois;Urbana;US;University Libraries
0000-0001-6122-0777;2012;2013;Grado ingeniería informática ;Universidad Miguel Hernández de Elche;Elche;ES;Escuela Politécnica Superior
0000-0003-0774-4777;2013;;GIS and Geography Librarian;University of Ottawa;Ottawa;CA;Library and Information Science
0000-0002-2887-3554;2010;;Full Professor;Carleton University;Ottawa;CA;History
0000-0001-6959-6605;2009;2015;freelance software developer for interactive installations;Umbershoot (Trax Arts);Melbourne;AU;Art
0000-0002-4295-895X;2015;2016;Faculty Leader and Spanish Instructor for the Summer in Bilbao Study Abroad Program;Universidad de Deusto;Bilbao;ES;Centro Internacional de Español
0000-0001-9581-5007;2016;2017;Especialista en edición de publicaciones;Universidad de Antioquía;Medellin;CO;edición de publicaciones
0000-0002-1650-1091;;1995;Especialista en Biopatología Laboral y aplicada;Universidad Complutense de Madrid;Madrid;ES; None
0000-0002-8160-0942;1998;;Enterprise Architecture;Canada Mortgage and Housing Corp;Ottawa;CA;Information Technology
0000-0001-5452-3913;2021;;Enseignante-chercheuse;EPITECH;Le Kremlin-Bicetre;FR;" ""Méthodes Numériques pour les Sciences de l'Humain et de la Société"""
0000-0003-0275-5143;2015;2019;Engineer;" ""Institut National d'Histoire de l'Art""";Paris;FR;Département des études et de la recherche
0000-0002-1951-6942;2017;2018;Engineer;Ecole des Hautes Etudes en Sciences Sociales;Paris;FR; None
0000-0001-7492-7237;2019;;Early Stage Researcher;University of London;London;GB;School of Advanced Study
0000-0002-1147-4135;2018;;Phd;Pontificia Universidad Católica de Chile;Santiago;CL;Ciencias del Lenguaje
0000-0003-0591-5560;2013;;Phd;Universidad Nacional Autónoma de México;Coyoacan;MX;Facultad de Filosofía y Letras 
0000-0002-1470-7723;2007;2011;Phd;York University;Toronto;CA;History
0000-0002-4145-0521;;;Phd;University of Alicante;Alicante;ES;Polytechnic School 
0000-0001-6122-0777;2013;2019;Phd;Universidad de Alicante;Alicante;ES;Lenguajes y Sistemas Informáticos
0000-0001-6741-6746;2016;2021;Phd;Universidad de Buenos Aires;Buenos Aires;AR;Facultad de Filosofía y Letras
0000-0002-1650-1091;;2011;Phd;Universidad Carlos III de Madrid;Madrid;ES;Biblioteconomía y Documentación
0000-0002-2442-3193;1999;2004;Phd;El Colegio de Michoacán;Zamora;MX;Centro de Estudios Históricos
0000-0002-3752-9536;2019;;Phd;ISS ITSOS Marie Curie;Cernusco sul Naviglio;IT;Istituto di Istruzione Superiore 
0000-0003-2495-7213;2017;2018;Phd;Bachillerato Popular Salvador Herrera;Buenos Aires;AR;Lengua y Comunicación
0000-0001-6741-6746;2015;;Phd;Universidad Nacional de San Martín;Buenos Aires;AR;Escuela de Humanidades
0000-0003-2495-7213;2017;;Directora/Editora;Revista Africanía;Buenos Aires;AR;Dirección - Edición
0000-0002-7883-2996;2016;2018;Director of Strategic Iniatives;George Mason University;Fairfax;US;Roy Rosenzweig Center for History and New Media
0000-0001-5519-8331;2018;;Director of Public Projects at the Roy Rosenzweig Center for History and New Media, Assistant Professor of History;George Mason University;Fairfax;US;History and Art History
0000-0002-4429-136X;2019;;Director;Susquehanna University;Selinsgrove;US;Library and Information Science
0000-0002-4211-1062;1985;1995;Director;University of Exeter;Exeter;GB;Centre for Police and Criminal Justice Studies
0000-0003-2495-7213;2018;2018;Diplomado Poblaciones Afrodescendientes en México y países de América Latina;Instituto Nacional de Antropología e Historia;Ciudad de México;MX;Coordinación Nacional de Antropología
0000-0002-1650-1091;;2002;Diplomado en Biblioteconomía y Documentación;Universidad Carlos III de Madrid;Madrid;ES;Biblioteconomía y Documentación
0000-0003-2852-065X;2002;2009;Diploma (Regional Sciences of Latin America);University of Cologne;Cologne;DE;Regional Sciences of Latin America
0000-0001-9759-8464;2021;;Digital Services Librarian;Florida State University;Tallahassee;US;Technology and Digital Scholarship
0000-0001-5802-6623;2012;2018;Digital Scholarship Specialist / IT Analyst;University of California Berkeley;Berkeley;US;Research IT
0000-0003-3781-5812;2017;;Digital Scholarship Specialist;Case Western Reserve University;Cleveland;US;Freedman Center for Digital Scholarship
0000-0001-8076-7356;2014;2015;Digital Scholarship Postdoctoral Fellow;McMaster University;Hamilton;CA;Sherman Centre for Digital Scholarship, Mills Library
0000-0001-5301-5626;2007;;Digital Scholarship Librarian;McMaster University;Hamilton;CA;McMaster University Libraries
0000-0003-0774-4777;2017;2018;Digital Scholarship Librarian;University of Ottawa;Ottawa;CA;Library and Information Science
0000-0003-0900-6823;2015;;Digital Scholarship Librarian;Michigan State University;East Lansing;US;Library and Information Science
0000-0002-9364-2808;2015;2016;Digital Publishing Production Lead;George Mason University;Fairfax;US;George Mason University Libraries
0000-0002-9115-4739;;;Digital Projects and Technologies Librarian;University of Toronto;Scarborough;CA;Library and Information Science
0000-0002-7990-9924;2015;;Digital Infrastructure Librarian;University of Idaho;Moscow;US;Library and Information Science
0000-0001-6959-6605;2018;2019;Digital Humanities Startup Research Fellow;University of Manchester;Manchester;GB;John Rylands Research Institute
0000-0001-5519-8331;2016;2018;Digital Humanities Specialist;Carnegie Mellon University;Pittsburgh;US;University Libraries
0000-0003-4125-2813;2017;;Digital Humanities Specialist;Tufts University;Medford;US;Tufts Technology Services
0000-0001-8076-7356;2015;2019;Digital Humanities Librarian;University of Miami;Coral Gables;US;University of Miami Libraries
0000-0002-7998-940X;2016;;Digital Humanities Librarian;Pennsylvania State University;University Park;US;University Libraries
0000-0002-7474-7196;2014;;Digital History Associate;George Mason University;Fairfax;US;Public Projects
0000-0003-4158-6186;2017;2021;Digital Engagement Librarian;University of Nebraska at Omaha;Omaha;US;UNO Libraries
0000-0002-9723-4262;2020;;Digital Archivist;Puerto Rico Architectural Heritage Archive;San Juan;PR; None
0000-0002-0237-2532;2012;2013;DH Lab coordinator;" ""Centre Virtuel de la Connaissance sur l'Europe""";Sanem;LU;Digital Humanities Lab
0000-0002-8916-4997;;;Degree in Humanities;Universitat Pompeu Fabra;Barcelona;ES;Humanities
0000-0002-9433-2799;2007;2010;Degree;Universidade NOVA de Lisboa;Lisboa;PT;Faculdade de Ciências Sociais e Humanas
0000-0002-0237-2532;1998;1999;DEA;Université de Strasbourg;Strasbourg;FR;Institut des Hautes Études Européennes (IEP)
0000-0003-2346-2876;2019;;Data Librarian and Instructor;University of Nevada Las Vegas;Las Vegas;US;University Libraries
0000-0003-0591-5560;2014;2017;Coordinador de Investigación y Proyectos ;Universidad Autónoma de San Luis Potosí;San Luis Potosi;MX;"Centro de Documentación Histórica ""Lic. Rafael Montejano y Aguiñaga"" "
0000-0001-9288-1754;2005;2009;Consultant;DoXulting;Paris;FR; None
0000-0002-9881-682X;2007;2010;Collegiate Assistant Professor (Humanities);University of Chicago;Chicago;US;Society of Fellows
0000-0001-5519-8331;2014;2016;CLIR/DLF Postdoctoral Fellow in Data Curation for Latin American and Latina/o Studies;Carnegie Mellon University;Pittsburgh;US;University Libraries
0000-0002-4295-895X;2018;2021;CLIR/DLF Postdoctoral Fellow in Data Curation for Latin American and Latina/o Studies;University of Texas at Austin;Austin;US;LLILAS Benson Latin American Studies and Collections
0000-0003-3867-9138;2015;2020;Clinical Assistant Professor and Director of Digital Media Lab;University of Pittsburgh;Pittsburgh;US;English
0000-0003-2646-6784;2005;2008;CHIRON (Cultural Heritage Informatics Research Oriented Network) fellow;PIN scrl. Servizi Didattici e Scientifici per l’Universita di Firenze;Prato;IT; None
0000-0001-9759-8464;2012;2014;Chief Projectionist;George Eastman House;Rochester;US;Moving Image Department
0000-0003-0275-5143;2019;2021;Chef du service numérique de la recherche;" ""Institut National d'Histoire de l'Art""";Paris;FR;Département des études et de la recherche
0000-0003-0275-5143;2021;;Chargé de développement des ressources numériques du Centre de Ressources et de Recherches ;Etablissement public du musée d’Orsay et du musée de l’Orangerie Valérie Giscard d’Estain;Paris;FR;Département des collections et de la conservation
0000-0002-4295-895X;2015;2015;Certificate;Universidad Nacional de Educación a Distancia;Madrid;ES;Laboratorio de Investigación de Humanidades Digitales
0000-0003-1286-3893;2013;2016;Certificate;Conservatoire National des Arts et Metiers;Paris;FR; None
0000-0001-9759-8464;2011;2012;Certificate;The L. Jeffrey Selznick School of Film Preservation at George Eastman Museum;Rochester;US; None
0000-0002-4553-8993;2016;;Céramologue;Grands Ensemble;Lille;FR;Nord
0000-0001-6959-6605;2019;;Capes Young Talent fellow;Fundação Getulio Vargas;Rio de Janeiro;BR;CPDOC
0000-0002-8102-9416;;2009;BSc;Universidade de Lisboa Instituto Superior Técnico;Lisboa;PT; None
0000-0002-5750-5988;;;BSc;University of Colorado;Denver;US; None
0000-0002-9433-2799;2015;;Bolseira de Investigação;Universidade NOVA de Lisboa;Lisboa;PT;Faculdade de Ciências Sociais e Humanas
0000-0002-9433-2799;2014;2014;BIC;Centro de Estudos de História Contemporânea;Lisboa;PT; História Contemporânea
0000-0001-8577-8409;1998;2002;Biblical Studies;Bethel College;Mishawaka;US;Theology
0000-0002-9723-4262;2008;2010;Bachelor;Florida International University;Miami;US;Spanish
0000-0002-4295-895X;2007;2011;Bachelor;Universidad de Deusto;Bilbao;ES;School of Social and Human Sciences
0000-0002-5958-9038;1993;1997;Bachelor;University of Wisconsin Madison;Madison;US;"School of Journalism; Department of History"
0000-0003-1275-4101;2007;2011;Bachelor;Lafayette College;Easton;US;Russian and East European Studies
0000-0002-4211-1062;1966;1969;Bachelor;University of Exeter;Exeter;GB;Politics and Russian
0000-0002-9364-2808;2005;2008;Bachelor;Calvin College;Grand Rapids;US;Philosophy, English
0000-0001-5519-8331;1999;2003;Bachelor;College of William and Mary;Williamsburg;US;Mathematics and History
0000-0003-2670-6514;2007;2011;Bachelor;Colby College;Waterville;US;Mathematics
0000-0002-7990-9924;;2006;Bachelor;University of Minnesota Duluth;Duluth;US;Interdisciplinary Studies 
0000-0002-6678-7606;2019;;Bachelor;Universität Potsdam;Postdam;DE;Insitut für Romanistik
0000-0001-5542-3754;1988;1991;Bachelor;Université de Montréal;Montreal;CA;Informatique / Computer Science
0000-0001-9759-8464;2005;2009;Bachelor;New College of Florida;Sarasota;US;Humanities
0000-0002-0276-8078;1993;1998;Bachelor;Western Washington University;Bellingham;US;History, Philosophy, East Asian Studies, Japanese
0000-0003-4981-1587;;2000;Bachelor;Simmons College;Boston;US;History
0000-0002-3057-932X;2013;2017;Bachelor;Universidade de Brasília;Brasilia;BR;History
0000-0003-4158-6186;2003;2007;Bachelor;South Dakota State University;Brookings;US;History
0000-0002-1470-7723;2002;2006;Bachelor;" ""Queen's University""";Kingston;CA;History
0000-0002-8160-0942;1987;2019;Bachelor;Carleton University;Ottawa;CA;History
0000-0002-9192-6233;2002;2006;Bachelor;Davidson College;Davidson;US;German
0000-0003-4776-0261;2006;2009;Bachelor;University of Cambridge;Cambridge;GB;Faculty of History
0000-0003-2346-2876;2012;2016;Bachelor;University of Rochester;Rochester;US;English, Psychology
0000-0003-4125-2813;2002;2006;Bachelor;Wellesley College;Wellesley;US;English
0000-0002-9881-682X;1995;1999;Bachelor;Dartmouth College;Hanover;US;English and Government
0000-0002-5440-062X;2005;2009;Bachelor;Mercyhurst University;Erie;US;English
0000-0002-5406-8807;;2007;Bachelor;Houghton College;Houghton;US;English
0000-0003-0900-6823;2004;2008;Bachelor;Kalamazoo College;Kalamazoo;US;English
0000-0003-2897-2090;2008;2013;Bachelor;University of Wisconsin–La Crosse;La Crosse;US;English
0000-0002-6086-0649;2006;2010;Bachelor;University of Pennsylvania;Philadelphia;US;English
0000-0003-2696-1419;2008;2012;Bachelor;University of Pittsburgh;Pittsburgh;US;English
0000-0003-2670-6514;2014;2017;Bachelor;University of Maryland;College Park;US;Electrical and Computer Engineering
0000-0002-2877-0539;1999;2005;Bachelor;Universidad Nacional de Colombia;Bogota;CO;Department of Philosophy
0000-0003-2646-6784;1996;2000;Bachelor;Keio University;Tokyo;JP;Department of Ethnology and Archaeology
0000-0001-5301-5626;1991;1995;Bachelor;Miami University;Oxford;US;Department of English
0000-0002-7406-6286;2001;2005;Bachelor;" ""Università Ca' Foscari""";Venezia;IT;Department of Classics
0000-0002-1367-1618;2007;2011;Bachelor;University of Zurich;Zurich;CH;Department of Banking and Finance
0000-0003-2771-5367;2008;2012;Bachelor;Indiana University;Bloomington;US;College of Arts and Sciences
0000-0003-3781-5812;;2006;Bachelor;University at Buffalo - The State University of New York;Buffalo;US;Classics
0000-0002-8280-3338;2001;2006;Bachelor;UFF;Niterói;BR;Ciências humanas
0000-0002-4387-3384;2005;2009;Bachelor;Williams College;Williamstown;US;Art History
0000-0002-3575-1512;2009;2011;Bachelor;University of Arkansas Fayetteville;Fayetteville;US;Anthropology and Sociology
0000-0003-4629-8888;;;Bachelor;University of Virginia;Charlottesville;US;American Studies
0000-0002-0824-3328;2007;2010;Bachelor;Johns Hopkins University;Baltimore;US; None
0000-0002-7998-940X;;1993;Bachelor;University of Vermont;Burlington;US; None
0000-0002-9126-2991;2004;2007;Bachelor;School of Oriental and African Studies, University of London;London;GB;Oriental and African Studies
0000-0002-2475-3184;2009;2011;Bachelor;Université de Montréal;Montreal;CA; None
0000-0003-2827-1569;1999;2003;Bachelor;New York University;New York;US; None
0000-0001-7503-8685;2008;2012;Bachelor;Université de Poitiers;Poitiers;FR; None
0000-0001-9461-7834;2016;2020;Bachelor;Escola de Ciências Sociais FGV/CPDOC;Rio de Janeiro;BR; Sociais e Politicos
0000-0001-5759-4944;2005;2009;Bachelor;Université Paris-Sorbonne;Paris;FR;" ""UFR d'Histoire de l'Art et d'Archéologie"""
0000-0002-1470-7723;2022;;Associate Vice-President, Research Oversight and Analysis;University of Waterloo;Waterloo;CA;Office of Research
0000-0001-6801-0852;;;Associate University Librarian;" ""Saint Mary's University""";Halifax;CA;Patrick Power Library
0000-0002-4352-2154;2012;2015;Associate researcher;University of Exeter;Exeter;GB;History
0000-0001-5759-4944;2018;2019;Associate researcher;Laboratoire de mathématiques Jean Leray;Nantes;FR;Équipe Statistique, Probabilités et Analyse Numérique
0000-0001-5759-4944;2018;;Associate researcher;Institut de Recherche sur les Archéomatériaux;Pessac;FR; Centre de Recherche en Physique Appliquée à l'Archéologie
0000-0002-4345-0533;2021;;Associate Professor;University of Illinois;Urbana;US;School of Information Sciences
0000-0002-1709-2314;2011;2020;Associate Professor;University of Pittsburgh at Greensburg;Greensburg;US;Humanities Division
0000-0003-2004-5161;2013;;Associate Professor;University of Saskatchewan;Saskatoon;CA;History
0000-0002-1470-7723;2017;;Associate Professor;University of Waterloo;Waterloo;CA;History
0000-0002-1568-8843;2018;;Associate Professor;University of Prince Edward Island;Charlottetown;CA;Faculty of Arts
0000-0002-4345-0533;2012;2021;Associate Professor;Northeastern University;Boston;US;English
0000-0002-9881-682X;2015;2016;Associate Professor;Carnegie Mellon University;Pittsburgh;US;English
0000-0002-9881-682X;2016;;Associate Professor;Carnegie Mellon University;Pittsburgh;US;English
0000-0002-5406-8807;2015;;Associate Professor;Rhode Island College;Providence;US;English
0000-0002-2877-0539;2013;2015;Associate Professor;Universidad de Bogotá Jorge Tadeo Lozano;Bogota;CO;Department of Humanities
0000-0003-3696-4189;2010;2020;Associate Professor;Umeå University;Umeå;SE;Department of Historical, Philosophical, and Religious Studies
0000-0002-4345-0533;2021;;Associate Professor;University of Illinois;Urbana;US;Department of English
0000-0002-4145-0521;1985;;Associate Professor;University of Alicante;Alicante;ES;Departament of Software and Computing Systems
0000-0002-8174-4524;2015;;Associate Professor;Universidad Del Rosario;Bogota;CO; School of Human Sciences
0000-0002-7883-2996;2005;2018;Associate Director;George Mason University;Fairfax;US;Roy Rosenzweig Center for History and New Media
0000-0002-2480-4746;;;Associate Director;Digital Humanities Summer Institute;Victoria;CA; None
0000-0002-9058-2280;2017;;Assistant Professor;University of Denver;Denver;US;Research Methods and Information Science
0000-0002-9364-2808;2020;;Assistant Professor;The University of Alabama;Tuscaloosa;US;Religious Studies
0000-0002-9192-6233;2019;;Assistant Professor;University of Nebraska-Lincoln;Lincoln;US;Modern Languages and Literatures
0000-0002-1020-3050;2019;;Assistant Professor;University of Texas at Dallas;Richardson;US;Mathematics
0000-0003-2158-866X;2016;2019;Assistant Professor;New York University;New York;US;Library and Information Science
0000-0001-8584-8323;;;Assistant Professor;Purdue University;Lafayette;US;Library and Information Science
0000-0003-4558-3310;2021;;Assistant Professor;University of Washington;Seattle;US;Information School
0000-0002-1709-2314;2004;2011;Assistant Professor;University of Pittsburgh at Greensburg;Greensburg;US;Humanities Division
0000-0002-5958-9038;2019;;Assistant Professor;University of North Georgia;Dahlonega;US;History, Anthropology & Philosophy
0000-0001-5116-3828;2016;2019;Assistant Professor;National Research University Higher School of Economics;Moscow;RU;History
0000-0003-2192-7860;2014;;Assistant Professor;Creighton University;Omaha;US;History
0000-0003-4776-0261;2016;;Assistant Professor;University of California;Santa Barbara;US;History
0000-0002-1470-7723;2012;2017;Assistant Professor;University of Waterloo;Waterloo;CA;History
0000-0003-2897-2090;2021;;Assistant Professor;Texas A&M University ;College Station;US;English
0000-0003-2696-1419;2018;;Assistant Professor;Texas Christian University;Fort Worth;US;English
0000-0003-4125-2813;2014;2017;Assistant Professor;SUNY New Paltz Department of English;New Paltz;US;English
0000-0002-9881-682X;2010;2015;Assistant Professor;Carnegie Mellon University;Pittsburgh;US;English
0000-0002-2877-0539;2016;2019;Assistant Professor;Universidad de los Andes;Bogota;CO;Department of Philosophy
0000-0002-2877-0539;2019;;Assistant Professor;Universidad de los Andes;Bogota;CO;Department of Literature
0000-0003-3867-9138;2020;;Assistant Professor;Denison University;Granville;US;Data Analytics
0000-0002-4295-895X;2020;;Assistant Professor;Pennsylvania State University;University Park;US;College of Liberal Arts
0000-0002-0237-2532;2017;;Assistant Professor;Université du Luxembourg;Luxembourg;LU;C2DH
0000-0003-2652-5799;2018;;Assistant Professor;Universidad de los Andes;Bogota;CO;Arts and Humanities
0000-0001-5759-4944;2014;;Assistant Professor;Université Bordeaux Montaigne;Pessac;FR;Art & Archeology
0000-0002-3201-8462;2019;;Assistant Professor;Wellesley College;Wellesley;US;Art
0000-0002-1020-3050;2016;2019;Assistant Professor;University of Texas Southwestern Medical Center;Dallas;US;Medical Center
0000-0002-1568-8843;;;Assistant Professor;Arizona State University;Tempe;US; None
0000-0002-2480-4746;;;Assistant Director;Electronic Textual Cultures Lab;Victoria;CA;Open Knowledge Intiative
0000-0002-4429-136X;2018;2019;Assistant Director;Susquehanna University;Selinsgrove;US;Library and Information Science
0000-0001-6959-6605;2016;2016;artist;Queen Mary University of London;London;GB;" ""People's Palace Projects"""
0000-0003-4981-1587;2002;2004;Archives Assistant;Northeastern University;Boston;US;Archives
0000-0003-4981-1587;2004;2005;Archives Assistant;Massachusetts Institute of Technology;Cambridge;US;Archives
0000-0001-7526-1166;2018;;Adjunct Techer;Universidad Industrial de Santander;Bucaramanga;CO;History
0000-0001-5519-8331;2013;2014;Adjunct Professor;Virginia Polytechnic Institute and State University;Blacksburg;US;History
0000-0003-4981-1587;2014;2015;Adjunct Professor;Emmanuel College;Boston;US;History
0000-0003-4981-1587;2012;;Adjunct Professor;University of New Hampshire;Manchester;US;History
0000-0002-5958-9038;2013;2018;Adjunct Instructor;George Mason University;Fairfax;US;History & Art History
0000-0003-1891-1112;2010;2010;Adjunct Faculty;Wayne State University;Detroit;US;School of Information Sciences
0000-0003-4158-6186;2013;2016;Academic Technology Specialist;Stanford University;Stanford;US;Stanford University Libraries
0000-0001-5802-6623;2018;;Academic Technology Specialist;Stanford University;Stanford;US;Division of Literatures, Cultures, and Languages / Library
0000-0002-3752-9536;2015;;Academic Fellow;Università Bocconi;Milano;IT;Language Center
0000-0001-9149-9377;;; None;Ruhr-Universität Bochum;Bochum;DE;Zentrale wissenschaftliche Einrichtung CERES
0000-0002-7998-940X;2007;2016; None;University of Oregon;Eugene;US;University Libraries
0000-0002-5750-5988;2020;; None;University of Washington;Seattle;US;Sociology
0000-0001-9149-9377;;; None;Ruhr-Universität Bochum;Bochum;DE;RUB Research School (RUB-RS)
0000-0003-4629-8888;2016;; None;University of Richmond;Richmond;US;Rhetoric and Communication Studies
0000-0002-0688-3006;;; None;University of Oxford;Oxford;GB;Oxford e-Research Centre
0000-0001-6778-4610;2003;2010; None;National and Kapodistrian University of Athens;Athens;GR;Modern Greek Literature 
0000-0001-6778-4610;2015;2017; None;Huygens ING;Den Haag;NL;Library and Information Science
0000-0001-6778-4610;2011;2012; None;University College London;London;GB;Library and Information Science
0000-0001-9149-9377;2016;; None;Ruhr-Universität Bochum;Bochum;DE;Lehrstuhl für Religionswissenschaft
0000-0001-9288-1754;2005;2007; None;CNAM;Paris;FR;INTD (Documentation)
0000-0002-8916-4997;2020;; None;Universidad Internacional de La Rioja;Barcelona;ES;Humanities
0000-0003-2646-6784;2017;2019; None;University of Vienna;Vienna;AT;History
0000-0003-3617-2560;2009;; None;Universidade Federal de São Paulo - Campus Guarulhos;Guarulhos;BR;History
0000-0002-3752-9536;2012;2015; None;Università degli Studi di Bergamo;Bergamo;IT;Dottorato di Ricerca (Ph.D) in Letterature Euro-Americane - XXV Ciclo
0000-0002-8453-7221;2020;; None;University of Gothenburg;Gothenburg;SE;Department of Swedish
0000-0001-9288-1754;2000;2005; None;Université Paris Sud;Orsay;FR;Computer science
0000-0002-1367-1618;2015;2016; None;University of Zurich;Zurich;CH;Computer Science
0000-0002-8916-4997;2016;2019; None;Universität zu Köln;Koln;DE;Cologne Center for eHumanities
0000-0001-9149-9377;;; None;Ruhr-Universität Bochum;Bochum;DE;Centrum für Religionswissenschaftliche Studien (CERES)
0000-0003-2646-6784;2015;2020; None;Austrian Academy of Sciences;Vienna;AT;Austrian Center for Digital Humanities
0000-0002-6834-0250;;; None;Université libre de Bruxelles (ULB);Brussels;BE; None
0000-0003-2646-6784;;; None;Vrije Universiteit Amsterdam;Amsterdam;NL; None
0000-0002-7998-940X;2004;2007; None;Georgia Institute of Technology;Atlanta;US; None
0000-0002-8916-4997;2019;; None;Berlin-Brandenburgische Akademie der Wissenschaften;Berlin;DE; None
0000-0002-3812-7010;;; None;University of Colorado Boulder;Boulder;US; None
0000-0002-1951-6942;2005;2009; None;Ecole Normale Supérieure;Cachan;FR; None
0000-0003-2192-7860;2011;2014; None;Clemson University;Clemson;US; None
0000-0003-1891-1112;;2004; None;University of Michigan Dearborn;Dearborn;US; None
0000-0002-9115-4739;2018;; None;University of Denver;Denver;US; None
0000-0003-1891-1112;;2007; None;Wayne State University;Detroit;US; None
0000-0002-4903-1372;2004;2020; None;" ""Ministère de l'Éducation Nationale""";France;FR; None
0000-0001-5116-3828;2020;; None;University of Florida;Gainesville;US; None
0000-0003-1891-1112;2007;2012; None;McMaster University;Hamilton;CA; None
0000-0002-8453-7221;;2020; None;University of Helsinki;Helsinki;FI; None
0000-0001-6778-4610;2014;2018; None;University of Ioannina ;Ioannina;GR; None
0000-0003-2646-6784;2021;2021; None;Donau-Universität Krems;Krems;AT; None
0000-0001-9149-9377;2005;2005; None;Universität Leipzig;Leipzig;DE; None
0000-0001-5318-9167;;; None;University of Limoges;Limoges;FR; None
0000-0003-2852-065X;2005;2006; None;Universidade de Lisboa;Lisboa;PT; None
0000-0002-9433-2799;;; None;Universidade NOVA de Lisboa;Lisboa;PT; None
0000-0002-9433-2799;;; None;Universidade NOVA de Lisboa;Lisboa;PT; None
0000-0002-4387-3384;2016;2018; None;Getty Research Institute;Los Angeles;US; None
0000-0002-1650-1091;;; None;Universidad Carlos III de Madrid;Madrid;ES; None
0000-0002-1456-7812;;; None;Open University;Milton Keynes;GB; None
0000-0002-2475-3184;2015;2016; None;McGill University School of Information Studies;Montreal;CA; Information Studies
0000-0002-1951-6942;2019;; None;" ""Groupe d'étude des méthodes de l'analyse sociologique de la Sorbonne""";Paris;FR; None
0000-0002-1695-8497;2002;2008; None;Ecole des Hautes Etudes en Sciences Sociales;Paris;FR; None
0000-0002-1695-8497;1997;2003; None;Ecole Normale Supérieure;Paris;FR; None
0000-0002-1951-6942;2020;; None;Sciences Po;Paris;FR; None
0000-0002-1951-6942;2018;2019; None;Université Sorbonne Paris Cité;Paris;FR; None
0000-0003-1275-4101;;; None;University of Pittsburgh;Pittsburgh;US; None
0000-0001-5318-9167;;; None;CNRS;Poitiers;FR; None
0000-0001-5318-9167;;; None;Université de Poitiers;Poitiers;FR; None
0000-0002-0276-8078;;; None;University of St Andrews;St Andrews;GB; None
0000-0003-1891-1112;2012;; None;York University;Toronto;CA; None
0000-0003-2192-7860;2005;2011; None;University of Illinois;Urbana;US; None
0000-0003-4722-4610;;; None;Université de Lille;Lille;FR;" ""Sciences de l'Information et du Document"""
0000-0001-5759-4944;2010;2011;Msc;Université Bordeaux Montaigne;Pessac;FR;Art & Archeology
